Name,Rating,Reviews,Category,Address
Rang Ali Fabrics,4.1,5,N/A,Rang Ali Fabrics
Karachi Cloth House,4.0,0,Clothing store,Karachi Cloth House
Prince Cloth,4.1,0,Clothing store,1043-C Mumtazabad Market Rd
Insaf Fabrics,4.0,0,Clothing store,Insaf Fabrics
Al Fahad Cloth House,4.0,0,Clothing store,Al Fahad Cloth House
Multan Cloth House,4.3,4,N/A,Multan Cloth House
Idrees Cloth House,4.5,5,N/A,Idrees Cloth House
"Al Makkah Center Wholesale Clothe Market, Khatm E Nabuwat Chowk",4.9,14,N/A,"Al Makkah Center Wholesale Clothe Market, Khatm E Nabuwat Chowk"
Fuchsia Clothing Multan,4.4,0,Clothing store,"Emirates Mall, Northern Byp"
All In One Multan,3.6,0,Clothing store,"Shaheena Avenue Golbagh, near Alfalah bank"
Multan Bazar,4.3,0,Clothing store,"Dehligate Chowk, opposite MCB bank"
Pak Cloth Sale Depot,4.1,0,Clothing store,6FHG+3CF
Qureshi Shawl House multan,4.5,133,N/A,Qureshi Shawl House multan
Hussain Agahi Market,4.2,0,Market,Hussain Agahi Market
International Cloth Sale Depot,4.0,0,Clothing store,Sadar Bazar Rd
Karachi Dupata Store,4.3,14,N/A,Karachi Dupata Store
IQBAL CLOTH HOUSE - Best clothing shop in multan,4.2,0,Clothing store,IQBAL CLOTH HOUSE - Best clothing shop in multan
Aqsa Cloth Sale Center,4.3,350,N/A,Aqsa Cloth Sale Center
Yaseen cloth center,4.6,0,Clothing store,5FMR+XC8
Multan Fabrics Factory Shop # 2,5.0,0,Clothing store,60 Feet Rd
Arif cloth house,No rating,1,N/A,"""Huge stock of Gents cloth in whole sale prize👌"""
Sobia Hamza Couture Studio - Fashion designer in Multan Pakistan,No rating,235,N/A,"""I find their clothing stuff excellent and their stitching is perfect."""
Cambridge & Zeen,No rating,0,N/A,"""Ambiance, staff professionalism and Product Quality outstanding"""
Sultan cloth market,No rating,5,N/A,"""Good place for fabric shopping"""
Usman Suit & Dopatta House,No rating,0,Clothing store,"""A large variety of traditional multani embroidered dresses and chadars"""
Kamalia Khaddar Multan,No rating,0,Clothing store,"""Best quality fabric very soft and fabulous stuff"""
Tahir fabrics and Garments,No rating,0,Clothing wholesale market place,"""Firday open Hoti Hy shop ?if yes then what is the timing?"""
Brand Cut Piece Shop Multan,No rating,0,Clothing store,"Ahmad Plaza, near Ghani Mobile"
Hand Embroidered Dresses,No rating,7,N/A,"""Very good quality and price is also very reasonable."""
Fashion Pakistan Lounge (FPL) - Multi Designer Store - Multan,No rating,0,Clothing store,"""My wife was impressed by the array of designers they have in one place."""
DINERS (MULTAN CANTT),No rating,21,N/A,"""Excellent staff coupled with excellent quality of clothes"""
Sundas Cloth center multan,No rating,0,Clothes market,Sundas Cloth center
Dynasty Fabrics Multan Gulgasht,No rating,37,N/A,Dynasty Fabrics Multan Gulgasht
Made In Multan,No rating,4,N/A,Made In Multan
Al Saeed Multan,No rating,0,Clothing store,"""Great experience"""
Roop Fabrics.......Pathan bara market opp.bilal motors near Rasheed Abad multan,No rating,0,Shopping mall,"""Their Fabrics quality is good and customer dealing very well."""
Multan Bridals | Dress On Rent | Rental Studio In Multan,No rating,2,N/A,"""Rent a dress here is a very good option convenient and affordable"""
